"Date","18-25","26-40","41-55","56+","<18"
"20170817",2260,3926,2317,573,91
"20170818",2258,3920,2306,565,92
"20170819",2251,3921,2304,573,88
"20170820",2256,3946,2325,582,90
"20170821",2260,3956,2322,577,89
"20170822",2244,3935,2321,577,91
"20170823",2234,3931,2312,577,90
"20170824",2240,3925,2320,576,90
"20170825",2254,3898,2294,575,91
"20170826",2251,3896,2285,578,94
"20170827",2271,3925,2304,583,93
"20170828",2274,3919,2313,578,95
"20170829",2257,3930,2303,575,95
"20170830",2245,3920,2302,572,95
"20170831",2254,3901,2310,579,93
"20170901",2270,3881,2286,584,97
"20170902",2250,3872,2269,589,100
"20170903",2263,3902,2291,593,102
"20170904",2271,3927,2321,594,106
"20170905",2274,3934,2324,592,108
"20170906",2264,3930,2314,595,104
"20170907",2273,3957,2314,599,101
"20170908",2284,3947,2310,597,103
"20170909",2282,3974,2315,598,103
"20170910",2302,4000,2327,602,107
"20170911",2302,3995,2339,609,108
"20170912",2284,3990,2331,610,108
"20170913",2294,3970,2334,607,111
"20170914",2292,3983,2337,607,114
"20170915",2295,3974,2348,603,115
"20170916",2287,3983,2333,604,113
"20170917",2307,4012,2357,608,112
"20170918",2303,4022,2356,607,114
"20170919",2294,3987,2351,607,114
"20170920",2291,3987,2346,604,113
"20170921",2268,3979,2299,604,112
"20170922",2261,3952,2274,601,112
"20170923",2258,3945,2286,605,107
"20170924",2283,3985,2314,617,107
"20170925",2285,3979,2319,613,105
"20170926",2266,3970,2296,609,107
"20170927",2256,3953,2278,609,103
"20170928",2255,3949,2282,610,102
"20170929",2257,3928,2268,603,102
"20170930",2251,3884,2270,596,106
"20171001",2265,3928,2285,601,108
"20171002",2273,3924,2290,603,105
"20171003",2266,3886,2264,599,103
"20171004",2268,3873,2258,597,98
"20171005",2264,3893,2253,598,100
"20171006",2256,3914,2233,595,99
"20171007",2261,3910,2229,603,100
"20171008",2273,3949,2249,606,103
"20171009",2287,3975,2265,610,107
"20171010",2290,3984,2265,609,105
"20171011",2272,3956,2255,608,103
"20171012",2276,3960,2260,608,102
"20171016",2280,3986,2290,609,104
"20171017",2266,3947,2273,604,103
"20171018",2252,3938,2269,597,101
"20171019",2249,3928,2272,592,99
"20171020",2247,3920,2267,594,99
"20171021",2247,3938,2272,603,101
"20171022",2262,3984,2291,609,102
"20171023",2270,3991,2296,611,104
"20171024",2258,3945,2291,613,100
"20171025",2258,3952,2288,617,99
"20171026",2246,3969,2270,620,96
"20171027",2261,3954,2274,610,96
"20171028",2267,3968,2275,615,96
"20171029",2280,3998,2292,619,96
"20171030",2282,4002,2304,618,97
"20171031",2262,3958,2292,610,93
"20171101",2263,3944,2276,607,91
"20171102",2262,3916,2267,604,94
"20171103",2277,3904,2244,598,95
"20171104",2270,3907,2251,600,92
"20171105",2283,3953,2286,604,93
"20171106",2289,3970,2288,606,93
"20171107",2271,3930,2286,606,93
"20171108",2282,3961,2296,612,93
"20171109",2259,3918,2288,613,93
"20171110",2252,3875,2284,612,92
"20171111",2273,3905,2293,622,93
"20171112",2286,3938,2318,630,93
"20171113",2285,3934,2336,633,94
"20171114",2271,3903,2311,626,95
"20171115",2277,3921,2309,622,95
"20171116",2281,3919,2318,624,100
"20171117",2266,3915,2310,623,102
"20171118",2259,3910,2305,625,100
"20171119",2272,3938,2330,627,98
"20171120",2269,3944,2327,625,98
"20171121",2247,3910,2310,621,100
"20171122",2242,3863,2293,617,100
"20171123",2224,3876,2290,625,98
"20171124",2227,3868,2280,630,99
"20171125",2227,3857,2273,629,97
"20171126",2236,3890,2290,634,99
"20171127",2235,3911,2292,636,100
"20171128",2218,3872,2274,630,97
"20171129",2208,3872,2286,633,92
"20171130",2202,3881,2289,636,91
"20171201",2196,3891,2284,633,90
"20171202",2184,3888,2288,632,92
"20171203",2192,3911,2302,635,91
"20171204",2195,3929,2310,635,93
"20171205",2195,3909,2286,634,94
"20171206",2196,3889,2287,642,93
"20171207",2196,3911,2280,644,94
"20171208",2205,3908,2265,638,93
"20171209",2189,3909,2270,639,96
"20171210",2198,3942,2296,642,99
"20171211",2213,3955,2295,647,100
"20171212",2205,3932,2280,637,99
"20171213",2208,3906,2267,631,90
"20171214",2191,3903,2274,636,88
"20171215",2176,3874,2256,637,91
"20171216",2167,3852,2266,636,88
"20171217",2173,3883,2276,642,87
"20171218",2171,3870,2282,641,89
"20171219",2142,3865,2266,638,88
"20171221",2158,3841,2244,638,87
"20171222",2108,3811,2205,631,86
"20171223",2091,3786,2180,624,85
"20171224",2113,3818,2201,630,86
"20171225",2116,3833,2217,636,84
"20171226",2108,3828,2211,633,84
"20171227",2095,3805,2204,627,85
"20171228",2093,3788,2192,626,83
"20171229",2090,3774,2166,620,82
"20171230",2085,3756,2167,617,82
"20171231",2088,3764,2174,615,82
"20180101",2089,3786,2190,621,84
"20180102",2087,3795,2186,618,85
"20180103",2089,3795,2177,609,85
"20180104",2088,3817,2165,614,87
"20180105",2090,3837,2159,615,88
"20180106",2088,3820,2153,622,85
"20180107",2097,3849,2168,627,86
"20180108",2106,3853,2167,626,86
"20180109",2098,3843,2166,633,88
"20180110",2089,3852,2174,627,89
"20180111",2101,3870,2189,626,88
"20180112",2110,3862,2203,626,89
"20180113",2122,3860,2192,627,90
"20180114",2138,3865,2211,637,91
"20180115",2152,3889,2225,641,91
"20180116",2149,3899,2236,642,92
"20180117",2148,3899,2235,644,92
"20180118",2152,3893,2252,643,94
"20180119",2152,3893,2226,631,97
"20180120",2148,3899,2224,627,94
"20180121",2154,3933,2245,629,92
"20180122",2159,3933,2257,628,94
"20180123",2144,3937,2264,632,91
"20180124",2144,3932,2246,629,91
"20180126",2136,3945,2218,642,92
"20180127",2141,3957,2230,648,93
"20180128",2149,3989,2253,658,94
"20180130",2141,3963,2253,645,95
"20180131",2127,3969,2247,642,96
"20180201",2133,3970,2240,640,93
"20180202",2139,3970,2230,633,96
"20180203",2132,3987,2221,630,96
"20180204",2153,4007,2249,630,97
"20180205",2144,4010,2253,630,100
"20180206",2134,3975,2246,628,96
"20180207",2127,3961,2240,630,98
"20180208",2126,3965,2244,635,98
"20180209",2106,3942,2225,631,98
"20180210",2107,3944,2226,631,97
"20180211",2118,3965,2235,635,98
"20180212",2129,3968,2239,637,99
"20180213",2127,3962,2238,640,101
"20180214",2125,3924,2229,641,100
"20180215",2118,3921,2235,643,99
"20180216",2117,3892,2215,638,103
"20180217",2120,3913,2221,631,102
"20180218",2126,3944,2234,640,102
"20180219",2141,3966,2252,643,103
"20180226",2140,3952,2254,645,104
"20180227",2114,3901,2266,652,100
"20180228",2090,3906,2250,651,92
"20180301",2079,3917,2260,653,91
"20180302",2079,3909,2258,653,91
"20180303",2066,3905,2237,645,91
"20180304",2079,3925,2252,649,91
"20180305",2084,3931,2252,656,90
"20180306",2072,3925,2219,649,91
"20180307",2065,3922,2227,655,90
"20180308",2063,3909,2228,652,95
"20180309",2048,3903,2217,647,92
"20180310",2035,3911,2212,648,88
"20180312",2054,3936,2223,646,87
"20180313",2041,3933,2213,643,87
"20180314",2038,3904,2193,634,89
"20180315",2044,3898,2196,632,92
"20180316",2035,3891,2208,625,92
"20180317",2040,3882,2211,628,96
"20180318",2057,3926,2236,633,96
"20180319",2044,3911,2230,627,97
"20180320",2031,3896,2210,623,96
"20180321",2024,3870,2190,620,94
"20180322",2021,3864,2190,612,93
"20180323",2005,3813,2183,614,90
"20180324",2008,3822,2181,616,91
"20180325",2019,3853,2205,619,91
"20180326",2014,3861,2205,619,88
"20180327",1982,3833,2202,619,86
"20180328",1993,3818,2185,621,83
"20180329",1993,3830,2168,619,84
"20180330",1982,3822,2144,620,82
"20180331",1985,3825,2130,623,86
"20180401",1988,3840,2146,626,84
"20180402",1985,3849,2153,624,83
"20180403",1986,3815,2125,622,82
"20180405",1974,3813,2118,632,78
"20180406",1969,3805,2123,626,78
"20180407",1963,3810,2113,626,77
"20180408",1980,3852,2132,632,77
"20180409",1975,3855,2134,638,77
"20180410",1960,3823,2120,627,76
"20180411",1940,3828,2120,629,78
"20180412",1927,3827,2134,633,78
"20180413",1920,3800,2119,630,76
"20180414",1911,3794,2125,626,75
"20180415",1928,3837,2150,629,76
"20180416",1928,3841,2149,628,76
"20180417",1914,3813,2131,633,72
"20180418",1921,3820,2112,632,72
"20180419",1911,3798,2112,632,71
"20180420",1904,3804,2121,626,75
"20180421",1906,3796,2134,626,72
"20180422",1923,3827,2155,632,72
"20180423",1919,3838,2163,633,75
"20180424",1916,3817,2160,632,73
"20180425",1915,3800,2156,625,75
"20180426",1917,3823,2153,625,76
"20180427",1918,3834,2151,624,75
"20180428",1895,3815,2156,627,74
"20180429",1900,3846,2171,633,75
"20180430",1899,3850,2172,632,78
"20180501",1886,3813,2161,635,80
"20180502",1874,3798,2148,637,78
"20180503",1871,3799,2153,645,76
"20180504",1864,3784,2155,639,74
"20180505",1871,3783,2134,635,75
"20180506",1894,3814,2153,647,75
"20180507",1899,3820,2156,642,78
"20180508",1886,3775,2149,638,77
"20180510",1852,3760,2148,640,73
"20180511",1845,3755,2147,638,76
"20180512",1843,3766,2149,636,77
"20180513",1852,3792,2155,639,77
"20180514",1856,3794,2159,642,77
"20180515",1832,3771,2143,642,76
"20180516",1812,3754,2127,633,79
"20180517",1830,3740,2117,632,78
"20180518",1820,3726,2117,637,73
"20180519",1817,3738,2107,630,74
"20180520",1824,3769,2129,639,75
"20180521",1820,3767,2137,646,77
"20180522",1803,3757,2131,646,75
"20180523",1794,3749,2116,644,75
"20180524",1781,3739,2117,640,76
"20180525",1773,3729,2096,627,78
"20180526",1766,3710,2097,623,78
"20180527",1781,3743,2119,630,77
"20180528",1793,3767,2133,635,78
"20180529",1792,3772,2128,634,78
"20180530",1787,3749,2113,635,80
"20180531",1783,3742,2097,626,78
"20180601",1792,3732,2081,622,80
"20180602",1791,3721,2086,626,80
"20180603",1805,3750,2106,629,82
"20180604",1808,3753,2117,625,81
"20180605",1795,3714,2111,622,79
"20180606",1797,3695,2078,620,78
"20180607",1793,3700,2088,623,78
"20180608",1800,3716,2089,634,78
"20180609",1787,3725,2083,622,78
"20180610",1796,3752,2102,625,81
"20180611",1802,3759,2106,627,81
"20180612",1788,3732,2097,622,83
"20180613",1784,3725,2088,617,83
"20180614",1787,3720,2087,614,82
"20180615",1800,3708,2072,604,79
"20180616",1785,3707,2070,605,77
"20180617",1813,3740,2086,614,80
"20180618",1821,3733,2084,612,80
"20180620",1814,3705,2054,604,81
"20180621",1819,3721,2047,603,80
"20180622",1805,3705,2029,599,76
"20180623",1803,3708,2032,601,73
"20180624",1811,3737,2051,606,75
"20180625",1813,3739,2051,609,76
"20180626",1806,3713,2038,604,75
"20180627",1802,3698,2030,595,70
"20180628",1809,3713,2023,596,69
"20180629",1813,3704,2008,596,70
"20180630",1808,3688,2004,597,68
"20180701",1827,3725,2019,601,70
"20180702",1836,3725,2011,600,69
"20180703",1828,3705,1982,594,69
"20180704",1818,3682,1985,596,70
"20180705",1834,3686,1988,595,71
"20180706",1820,3665,1982,595,70
"20180707",1828,3646,1985,595,69
"20180708",1844,3680,2001,597,71
"20180709",1849,3677,2006,598,73
"20180710",1817,3651,1999,598,73
"20180711",1817,3656,1991,597,68
"20180712",1835,3664,1993,594,70
"20180713",1831,3669,1977,594,72
"20180715",1843,3706,1988,603,71
"20180716",1854,3713,1993,604,71
"20180717",1848,3697,2000,599,72
"20180718",1842,3706,2013,601,72
"20180719",1845,3704,1994,603,69
"20180720",1842,3699,2001,600,67
"20180721",1819,3699,1997,600,67
"20180722",1831,3722,2017,605,68
"20180723",1832,3732,2016,604,67
"20180724",1829,3702,1994,600,66
"20180725",1818,3701,1999,601,67
"20180726",1807,3692,2003,598,68
"20180727",1813,3685,1996,596,67
"20180728",1802,3665,1994,599,67
"20180729",1806,3692,2011,607,69
"20180730",1806,3682,2019,605,69
"20180731",1801,3654,2011,602,67
"20180801",1807,3630,2008,600,66
"20180802",1810,3651,2005,595,67
"20180803",1801,3661,2005,584,67
"20180804",1786,3632,2016,581,67
"20180805",1798,3664,2036,583,67
"20180806",1801,3682,2033,590,70
"20180807",1801,3665,2020,582,68
"20180808",1797,3668,2023,584,63
"20180809",1793,3666,2025,585,62
"20180810",1794,3696,2020,583,62
"20180811",1792,3684,2028,584,62
"20180812",1803,3707,2032,586,63
"20180813",1804,3728,2044,588,62
"20180814",1785,3708,2045,585,62
"20180815",1779,3712,2048,580,65
"20180816",1775,3714,2045,574,64
"20180817",1771,3688,2048,567,63
"20180818",1772,3670,2046,574,64
"20180819",1792,3694,2060,577,64
"20180820",1789,3698,2059,579,63
"20180821",1771,3690,2040,578,64
"20180822",1766,3675,2040,579,64
"20180823",1762,3657,2046,579,60
"20180824",1763,3647,2054,575,62
"20180825",1750,3656,2058,577,62
"20180826",1760,3705,2076,582,61
"20180827",1777,3700,2082,582,61
"20180828",1779,3687,2073,585,63
"20180829",1764,3688,2071,587,63
"20180830",1759,3689,2068,584,63
"20180831",1753,3685,2060,580,62
"20180901",1751,3666,2064,588,62
"20180902",1763,3697,2084,593,64
"20180903",1778,3719,2094,594,65
"20180904",1778,3725,2097,597,66
"20180905",1773,3720,2084,595,63
"20180906",1769,3715,2077,596,67
"20180907",1776,3713,2071,594,70
"20180908",1771,3718,2070,603,71
"20180909",1785,3751,2081,611,72
"20180910",1784,3762,2084,612,72
"20180911",1753,3750,2077,611,70
"20180912",1741,3767,2078,612,70
"20180913",1757,3776,2069,614,72
"20180914",1759,3759,2064,606,73
"20180915",1760,3760,2073,611,76
"20180916",1776,3784,2091,615,74
"20180917",1776,3787,2083,612,74
"20180918",1759,3759,2062,617,74
"20180919",1767,3773,2062,610,71
"20180920",1775,3752,2074,612,71
"20180921",1777,3758,2068,611,70
"20180922",1772,3763,2075,616,71
"20180923",1782,3792,2093,622,73
"20180924",1786,3800,2090,622,73
"20180925",1786,3785,2071,620,70
"20180926",1775,3758,2059,619,69
"20180927",1778,3733,2063,617,69
"20180928",1767,3734,2071,614,73
"20180929",1750,3717,2071,616,73
"20180930",1759,3743,2087,621,74
"20181001",1759,3744,2088,621,74
"20181002",1763,3722,2085,616,76
"20181003",1753,3725,2075,616,75
"20181004",1756,3735,2088,625,74
"20181005",1737,3729,2084,621,74
"20181006",1740,3733,2078,622,75
"20181007",1748,3745,2091,627,76
"20181008",1756,3771,2104,631,74
"20181009",1752,3764,2106,628,74
"20181010",1747,3746,2086,628,76
"20181011",1751,3738,2093,627,75
"20181012",1750,3733,2093,629,73
"20181013",1753,3736,2090,629,72
"20181014",1768,3766,2117,640,71
"20181015",1762,3768,2124,636,73
"20181016",1743,3743,2104,637,71
"20181017",1745,3735,2097,640,73
"20181018",1736,3730,2105,635,76
"20181019",1737,3707,2110,630,78
"20181020",1736,3694,2113,633,75
"20181021",1759,3713,2135,636,75
"20181022",1761,3725,2133,635,76
"20181023",1761,3702,2130,638,73
"20181024",1755,3683,2117,639,72
"20181025",1764,3672,2110,640,71
"20181026",1752,3680,2098,633,70
"20181027",1753,3664,2084,637,68
"20181028",1772,3694,2103,643,67
"20181029",1775,3698,2109,639,68
"20181030",1757,3678,2097,640,66
"20181031",1742,3659,2087,637,66
"20181101",1738,3670,2085,631,65
"20181102",1722,3658,2104,627,67
"20181103",1726,3677,2109,631,68
"20181104",1740,3707,2119,635,71
"20181105",1733,3712,2109,631,71
"20181106",1714,3702,2093,628,69
"20181107",1727,3711,2097,636,70
"20181108",1712,3696,2086,626,70
"20181109",1708,3677,2076,634,69
"20181110",1716,3671,2082,633,70
"20181111",1730,3704,2100,632,71
"20181112",1737,3711,2107,631,71
"20181113",1745,3726,2106,630,71
"20181114",1738,3703,2102,634,68
"20181115",1749,3709,2109,628,70
"20181116",1745,3700,2121,621,73
"20181117",1745,3689,2116,624,75
"20181118",1756,3710,2134,634,75
"20181119",1754,3707,2129,636,75
"20181120",1736,3660,2121,629,76
"20181121",1720,3659,2116,627,76
"20181122",1702,3665,2118,626,77
"20181123",1703,3675,2125,629,79
"20181124",1699,3663,2117,627,77
"20181125",1708,3686,2131,630,76
"20181126",1720,3682,2141,627,77
"20181127",1712,3668,2135,623,76
"20181128",1710,3656,2117,614,74
"20181129",1702,3652,2128,607,72
"20181130",1693,3637,2129,606,71
"20181201",1697,3652,2127,607,73
"20181202",1705,3675,2146,612,70
"20181203",1704,3681,2152,608,70
"20181204",1691,3678,2139,604,67
"20181205",1700,3660,2124,600,67
"20181206",1701,3658,2109,596,66
"20181207",1714,3665,2108,608,65
"20181208",1696,3658,2109,610,65
"20181209",1712,3678,2124,613,67
"20181210",1714,3679,2119,609,70
"20181211",1686,3673,2113,605,73
"20181212",1694,3676,2100,604,72
"20181213",1678,3670,2107,602,74
"20181214",1690,3653,2101,600,73
"20181215",1668,3655,2096,604,75
"20181216",1675,3676,2109,609,75
"20181217",1675,3692,2115,608,75
"20181218",1667,3665,2108,606,75
"20181219",1661,3649,2091,598,73
"20181220",1654,3630,2069,604,72
"20181221",1623,3603,2049,600,71
"20181222",1603,3580,2035,602,69
"20181223",1607,3596,2052,605,66
"20181224",1612,3594,2040,606,66
"20181225",1599,3567,2022,603,65
"20181226",1594,3561,2012,603,64
"20181227",1582,3549,1999,603,66
"20181228",1574,3549,1985,601,67
"20181229",1564,3552,1997,601,68
"20181230",1579,3578,2014,608,69
"20181231",1585,3584,2010,606,69
"20190101",1581,3569,2003,604,67
"20190102",1574,3573,2010,602,67
"20190103",1580,3563,2007,603,68
"20190104",1578,3562,2016,603,69
"20190105",1597,3592,2017,601,70
"20190106",1602,3624,2031,605,69
"20190107",1601,3648,2040,603,69
"20190108",1589,3633,2015,605,69
"20190109",1614,3664,2016,611,69
"20190110",1622,3663,2022,614,71
"20190111",1632,3689,2032,620,69
"20190112",1637,3706,2040,622,69
"20190113",1643,3730,2050,622,69
"20190114",1648,3730,2042,622,69
"20190115",1637,3713,2028,613,68
"20190116",1636,3707,2022,612,69
"20190117",1638,3705,2032,616,67
"20190118",1641,3716,2032,608,66
"20190119",1650,3703,2030,617,66
"20190120",1667,3723,2048,621,67
"20190121",1672,3738,2060,621,67
"20190122",1673,3742,2066,622,68
"20190123",1660,3737,2059,627,62
"20190124",1668,3746,2060,628,61
"20190125",1678,3726,2059,627,62
"20190126",1662,3746,2072,637,63
"20190127",1685,3782,2086,638,61
"20190128",1680,3798,2093,638,61
"20190129",1662,3805,2079,639,60
"20190130",1656,3805,2075,642,63
"20190131",1639,3799,2058,633,65
"20190201",1641,3762,2053,630,62
"20190202",1631,3765,2051,623,61
"20190203",1642,3790,2066,629,61
"20190204",1637,3791,2065,631,61
"20190205",1623,3782,2059,628,58
"20190206",1615,3775,2057,625,60
"20190207",1617,3791,2058,622,58
"20190208",1619,3767,2061,616,57
"20190209",1607,3768,2067,617,54
"20190210",1621,3804,2088,623,53
"20190211",1631,3796,2077,625,53
"20190212",1617,3771,2068,621,56
"20190213",1614,3782,2084,627,56
"20190214",1604,3754,2078,625,57
"20190215",1605,3734,2080,622,58
"20190216",1603,3712,2059,617,59
"20190217",1611,3753,2081,622,62
"20190218",1621,3770,2088,629,63
"20190219",1625,3776,2084,631,62
"20190220",1610,3760,2085,628,63
"20190221",1606,3749,2085,624,64
"20190222",1588,3713,2072,627,64
"20190223",1589,3702,2062,622,64
"20190224",1601,3728,2077,628,65
"20190226",1603,3700,2057,636,65
"20190227",1601,3675,2057,623,65
"20190228",1604,3665,2054,617,66
"20190301",1592,3653,2053,615,68
"20190302",1586,3653,2043,612,69
"20190303",1598,3688,2056,615,66
"20190304",1600,3685,2050,611,66
"20190305",1584,3664,2047,606,63
"20190306",1578,3650,2043,601,62
"20190307",1579,3649,2038,598,60
"20190308",1584,3652,2044,603,63
"20190309",1588,3648,2053,604,63
"20190310",1594,3690,2074,609,63
"20190311",1599,3699,2082,608,64
"20190312",1585,3679,2077,601,62
"20190313",1573,3656,2063,603,61
"20190314",1580,3653,2064,600,64
"20190315",1564,3638,2054,603,63
"20190316",1576,3639,2065,602,60
"20190317",1584,3656,2075,605,59
"20190318",1581,3651,2071,602,59
"20190319",1566,3625,2048,591,59
"20190320",1566,3576,2034,596,59
"20190321",1569,3552,2020,593,59
"20190322",1563,3559,2011,598,61
"20190323",1563,3562,2013,593,59
"20190324",1568,3602,2026,598,61
"20190325",1569,3607,2021,597,59
"20190326",1563,3577,2015,595,60
"20190327",1570,3561,2003,597,60
"20190328",1559,3550,2001,586,65
"20190329",1562,3532,2002,588,66
"20190330",1563,3519,2001,595,63
"20190331",1570,3557,2012,603,66
"20190401",1574,3558,2009,600,66
"20190402",1570,3525,1991,587,63
"20190403",1558,3524,1970,581,64
"20190404",1557,3524,1975,575,63
"20190405",1573,3523,1964,576,63
"20190406",1587,3518,1964,579,62
"20190407",1590,3554,1976,583,63
"20190408",1589,3553,1980,582,63
"20190409",1579,3501,1962,575,64
"20190410",1581,3515,1961,579,64
"20190411",1571,3499,1952,581,65
"20190412",1566,3519,1957,586,63
"20190413",1551,3521,1957,593,62
"20190414",1561,3559,1972,601,61
"20190415",1563,3558,1972,598,63
"20190416",1554,3533,1966,594,63
"20190417",1557,3531,1961,595,62
"20190418",1550,3537,1944,594,61
"20190419",1538,3513,1945,592,61
"20190420",1542,3522,1950,600,59
"20190421",1553,3554,1965,604,59
"20190422",1548,3554,1956,604,59
"20190423",1531,3540,1941,596,57
"20190424",1522,3541,1944,599,59
"20190425",1518,3535,1934,599,57
"20190426",1516,3531,1932,602,59
"20190427",1508,3517,1929,600,57
"20190428",1524,3528,1945,606,58
"20190429",1533,3521,1945,607,59
"20190430",1522,3489,1942,606,58
"20190501",1518,3478,1944,603,57
"20190502",1510,3470,1947,604,56
"20190503",1514,3480,1960,603,56
"20190504",1503,3477,1957,598,58
"20190505",1520,3514,1971,602,59
"20190506",1522,3517,1964,601,60
"20190507",1511,3517,1953,599,59
"20190508",1511,3493,1956,601,57
"20190509",1519,3482,1947,596,56
"20190510",1519,3483,1939,601,56
"20190511",1518,3486,1949,596,53
"20190512",1522,3491,1975,601,53
"20190513",1527,3500,1968,598,52
"20190514",1501,3479,1946,601,52
"20190515",1499,3469,1945,604,51
"20190516",1504,3459,1933,599,50
"20190517",1489,3446,1930,597,53
"20190518",1489,3449,1938,588,52
"20190519",1499,3478,1954,589,51
"20190520",1499,3475,1941,590,53
"20190521",1491,3462,1923,594,52
"20190522",1476,3452,1917,590,54
"20190523",1473,3446,1914,593,56
"20190524",1477,3424,1890,593,57
"20190525",1458,3405,1889,592,56
"20190526",1466,3430,1898,599,57
"20190527",1475,3450,1902,598,57
"20190528",1479,3449,1919,595,55
"20190529",1481,3441,1912,603,53
"20190530",1485,3434,1908,600,58
"20190531",1481,3422,1906,592,57
"20190601",1483,3424,1905,594,58
"20190602",1491,3450,1912,595,58
"20190603",1494,3447,1915,598,60
"20190604",1487,3443,1902,595,61
"20190605",1474,3438,1881,590,64
"20190606",1462,3441,1883,585,62
"20190607",1459,3436,1883,595,62
"20190608",1440,3436,1900,596,62
"20190609",1449,3458,1922,601,62
"20190610",1452,3456,1914,598,63
"20190611",1446,3426,1911,595,60
"20190612",1436,3419,1914,597,61
"20190613",1445,3414,1906,597,61
"20190614",1448,3423,1903,601,62
"20190615",1451,3418,1907,604,61
"20190616",1468,3440,1925,605,63
"20190617",1484,3452,1923,606,64
"20190618",1475,3435,1916,601,59
"20190619",1460,3430,1913,604,60
"20190620",1455,3430,1909,603,59
"20190621",1460,3440,1905,603,62
"20190622",1468,3430,1909,604,64
"20190623",1476,3448,1917,609,65
"20190624",1476,3457,1911,607,65
"20190625",1480,3441,1910,601,63
"20190626",1478,3415,1903,601,65
"20190627",1480,3409,1900,596,62
"20190628",1464,3393,1885,593,59
"20190629",1462,3365,1890,590,58
"20190630",1468,3387,1903,592,59
"20190701",1472,3400,1897,590,59
"20190702",1456,3385,1872,584,60
"20190703",1456,3374,1856,578,60
"20190704",1457,3387,1854,577,60
"20190705",1464,3398,1858,583,62
"20190706",1461,3379,1867,589,61
"20190707",1469,3410,1874,596,62
"20190708",1470,3408,1882,593,62
"20190709",1455,3398,1875,584,62
"20190710",1470,3383,1878,588,63
"20190711",1467,3372,1883,584,63
"20190712",1459,3356,1884,583,66
"20190713",1456,3367,1889,585,63
"20190714",1467,3402,1909,589,65
"20190715",1470,3400,1915,592,65
"20190716",1460,3366,1904,587,63
"20190717",1462,3352,1896,585,61
"20190718",1481,3337,1879,587,62
"20190719",1483,3330,1864,588,62
"20190720",1484,3329,1861,587,63
"20190721",1492,3350,1871,592,61
"20190722",1492,3354,1870,586,61
"20190723",1478,3322,1865,581,60
"20190724",1480,3321,1870,581,59
"20190725",1480,3307,1863,577,59
"20190726",1482,3324,1850,575,62
"20190727",1485,3336,1858,579,65
"20190728",1495,3373,1875,585,65
"20190729",1496,3379,1885,583,66
"20190730",1496,3355,1865,577,65
"20190731",1492,3358,1861,576,61
"20190801",1487,3347,1851,572,61
"20190802",1485,3343,1836,570,61
"20190803",1480,3338,1830,573,63
"20190804",1489,3365,1844,577,62
"20190805",1497,3359,1840,577,62
"20190806",1487,3351,1823,570,61
"20190807",1492,3331,1819,565,60
"20190808",1489,3315,1786,563,59
"20190809",1491,3296,1778,560,59
"20190810",1495,3298,1775,562,60
"20190811",1505,3335,1781,567,60
"20190812",1508,3333,1768,569,60
"20190813",1498,3320,1761,567,59
"20190814",1494,3301,1747,569,58
"20190815",1494,3301,1739,569,58
"20190816",1482,3293,1741,570,59
"20190817",1473,3273,1738,571,60
"20190818",1477,3295,1750,575,61
"20190819",1480,3302,1745,577,61
"20190820",1479,3268,1740,578,60
"20190821",1472,3252,1730,577,59
"20190822",1488,3236,1729,572,59
"20190823",1487,3233,1743,571,61
"20190824",1477,3216,1747,570,64
"20190825",1488,3248,1763,575,64
"20190826",1485,3258,1760,572,64
"20190827",1477,3230,1758,570,60
"20190828",1466,3230,1761,572,58
"20190829",1457,3218,1751,566,57
"20190830",1461,3210,1746,566,53
"20190831",1451,3195,1743,564,55
"20190901",1459,3211,1756,567,55
"20190902",1470,3216,1763,573,55
"20190903",1471,3236,1769,575,56
"20190904",1476,3246,1762,576,56
"20190905",1456,3238,1764,569,55
"20190906",1445,3246,1759,575,55
"20190907",1443,3249,1776,581,55
"20190908",1458,3292,1784,588,56
"20190909",1462,3295,1779,587,57
"20190910",1460,3279,1772,588,55
"20190911",1460,3266,1770,596,55
"20190912",1459,3279,1762,597,55
"20190913",1456,3277,1762,590,53
"20190914",1454,3288,1765,580,54
"20190915",1466,3312,1778,589,54
"20190916",1468,3310,1774,592,55
"20190917",1472,3298,1759,586,57
"20190918",1468,3308,1753,588,57
"20190919",1470,3314,1755,589,59
"20190920",1473,3310,1760,592,59
"20190921",1468,3319,1773,588,57
"20190922",1481,3346,1784,592,58
"20190923",1492,3350,1789,595,58
"20190924",1491,3337,1787,592,58
"20190925",1481,3310,1787,588,58
"20190926",1482,3289,1789,586,59
"20190927",1469,3296,1787,592,60
"20190928",1469,3299,1793,592,58
"20190929",1480,3322,1802,596,59
"20190930",1487,3316,1797,594,60
"20191001",1475,3314,1787,587,58
"20191002",1477,3323,1785,588,57
"20191003",1476,3318,1780,582,55
"20191004",1479,3324,1779,579,55
"20191005",1473,3322,1797,574,55
"20191006",1477,3334,1811,582,56
"20191007",1478,3331,1802,577,56
"20191008",1469,3329,1796,581,55
"20191009",1459,3314,1787,578,54
"20191010",1469,3322,1794,573,54
"20191011",1465,3307,1788,583,54
"20191012",1459,3314,1791,579,53
"20191013",1467,3341,1805,583,53
"20191014",1476,3365,1808,586,53
"20191015",1464,3346,1815,584,53
"20191016",1448,3337,1796,583,50
"20191017",1435,3315,1775,579,49
"20191018",1435,3315,1765,584,47
"20191019",1434,3321,1781,585,47
"20191020",1441,3345,1788,589,47
"20191021",1438,3342,1788,593,47
"20191022",1435,3335,1786,587,49
"20191023",1439,3328,1776,584,48
"20191024",1443,3316,1765,580,47
"20191025",1450,3307,1759,578,46
"20191026",1458,3311,1784,586,47
"20191027",1473,3333,1798,589,46
"20191028",1480,3338,1790,591,45
"20191029",1469,3309,1782,588,48
"20191030",1453,3294,1772,585,49
"20191101",1453,3264,1768,585,48
"20191102",1440,3257,1769,579,46
"20191103",1455,3267,1780,581,46
"20191104",1454,3260,1771,578,46
"20191105",1440,3224,1747,575,45
"20191106",1451,3232,1750,578,44
"20191107",1443,3226,1733,580,44
"20191108",1439,3219,1723,575,45
"20191109",1431,3207,1719,572,45
"20191110",1431,3230,1728,575,45
"20191111",1434,3244,1730,576,45
"20191112",1437,3255,1739,580,45
"20191113",1434,3258,1740,582,45
"20191114",1426,3237,1720,575,45
"20191115",1425,3232,1708,568,45
"20191116",1426,3221,1717,567,44
"20191117",1438,3244,1726,572,44
"20191118",1448,3236,1717,572,44
"20191119",1441,3198,1699,571,42
"20191120",1436,3191,1694,572,40
"20191121",1440,3188,1684,573,41
"20191122",1433,3171,1678,567,41
"20191123",1423,3173,1688,572,41
"20191124",1436,3206,1701,574,40
"20191125",1439,3196,1694,572,39
"20191126",1424,3178,1681,573,40
"20191127",1416,3150,1673,571,40
"20191128",1402,3139,1664,562,39
"20191129",1404,3152,1664,566,39
"20191130",1395,3142,1664,566,38
"20191201",1403,3157,1679,569,37
"20191202",1407,3165,1680,574,36
"20191203",1396,3151,1671,566,33
"20191204",1397,3138,1656,560,33
"20191205",1393,3123,1645,556,31
"20191206",1396,3101,1639,556,31
"20191207",1394,3106,1640,553,31
"20191208",1396,3121,1647,556,31
"20191209",1391,3122,1640,551,31
"20191210",1347,2992,1599,536,30
"20191211",1326,2957,1573,522,29
"20191212",1309,2896,1552,516,28
"20191213",1295,2855,1519,511,27
"20191214",1296,2870,1522,510,27
"20191215",1303,2871,1527,511,27
"20191216",1284,2819,1493,501,27
"20191217",1261,2765,1471,489,25
"20191218",1242,2731,1444,482,25
"20191219",1216,2670,1416,475,25
"20191220",1186,2621,1381,463,26
"20191221",1185,2620,1378,462,26
"20191222",1187,2627,1377,462,26
"20191223",1167,2576,1346,453,26
"20191224",1148,2547,1323,442,25
"20191225",1148,2547,1320,442,25
"20191226",1137,2498,1299,434,24
"20191227",1122,2470,1285,428,24
"20191228",1124,2471,1284,429,24
"20191229",1124,2473,1285,430,24
"20191230",1104,2430,1260,420,24
"20191231",1083,2380,1221,408,24
"20200101",1128,2487,1285,427,24
"20200102",1114,2447,1257,419,24
"20200103",1097,2426,1244,415,24
"20200104",1211,2646,1370,473,24
"20200105",1219,2656,1376,473,24
"20200106",1221,2663,1376,475,24
"20200107",1221,2663,1376,475,24
"20200108",1215,2659,1362,474,24
"20200109",1221,2676,1358,470,23
"20200110",1217,2676,1363,473,21
"20200111",1221,2671,1355,477,21
"20200112",1222,2690,1360,482,21
"20200113",1230,2683,1363,480,21
"20200114",1214,2658,1357,473,21
"20200115",1211,2637,1355,472,21
"20200116",1195,2621,1344,467,21
"20200117",1184,2615,1352,464,21
"20200118",1179,2615,1356,462,21
"20200119",1186,2628,1364,464,21
"20200120",1193,2637,1363,464,21
"20200121",1182,2633,1363,463,21
"20200122",1174,2620,1359,468,19
"20200123",1180,2610,1350,458,18
"20200124",1187,2609,1343,460,17
"20200125",1181,2604,1341,462,17
"20200126",1188,2622,1355,461,17
"20200127",1180,2623,1349,458,18
"20200128",1168,2611,1333,455,17
"20200129",1162,2603,1332,451,17
"20200130",1169,2599,1325,449,17
"20200131",1162,2575,1312,444,15
"20200201",1168,2575,1300,455,16
"20200202",1175,2597,1306,456,16
"20200203",1168,2594,1299,451,16
"20200204",1168,2574,1291,454,17
"20200205",1167,2567,1281,448,16
"20200206",1174,2553,1273,446,16
"20200207",1170,2557,1267,445,16
"20200208",1165,2558,1263,446,16
"20200209",1182,2571,1269,446,16
"20200210",1180,2579,1264,443,16
"20200211",1152,2552,1254,438,16
"20200212",1147,2546,1257,436,16
"20200213",1141,2562,1258,432,16
"20200214",1142,2546,1260,430,15
"20200215",1142,2526,1259,437,14
"20200216",1150,2541,1267,437,14
"20200217",1155,2553,1274,432,14
"20200218",1156,2561,1279,434,12
"20200219",1152,2567,1274,436,13
"20200220",1153,2554,1279,432,13
"20200221",1156,2554,1273,433,12
"20200222",1157,2541,1268,438,12
"20200223",1162,2555,1277,439,12
"20200224",1164,2567,1274,433,12
"20200225",1160,2559,1267,431,11
"20200226",1160,2554,1271,423,12
"20200227",1168,2559,1263,429,11
"20200228",1165,2544,1269,430,11
"20200229",1158,2556,1271,439,11
"20200301",1163,2569,1278,441,11
"20200302",1168,2560,1269,435,11
"20200303",1161,2536,1261,435,11
"20200304",1161,2543,1261,434,11
"20200305",1152,2542,1267,438,11
"20200306",1153,2543,1266,437,10
"20200307",1153,2540,1260,436,9
"20200308",1160,2560,1268,439,9
"20200309",1158,2563,1263,432,9
"20200310",1155,2556,1265,433,9
"20200311",1155,2556,1265,433,9
"20200312",1155,2556,1265,433,9
"20200313",1155,2556,1265,433,9
"20200314",1155,2556,1265,433,9
"20200315",1174,2568,1276,439,8
"20200316",1174,2570,1274,434,7
"20200317",1157,2555,1267,431,7
"20200318",1159,2555,1264,427,7
"20200319",1160,2552,1270,425,7
"20200320",1154,2519,1258,420,7
"20200321",1134,2504,1241,423,7
"20200322",1134,2499,1236,421,7
"20200323",1136,2504,1233,409,7
"20200324",1131,2494,1226,404,7
"20200325",1114,2471,1213,392,7
"20200326",1091,2419,1171,382,6
"20200327",1047,2303,1125,373,6
"20200328",1037,2271,1077,344,6
"20200329",1034,2233,1031,328,6
"20200330",1035,2232,1034,328,6
"20200331",1026,2220,1023,324,6
"20200401",1017,2200,1018,317,6
"20200402",1012,2186,1005,314,6
"20200403",1007,2153,951,300,6
"20200404",995,2131,943,296,6
"20200405",996,2131,941,293,6
"20200406",998,2138,941,295,6
"20200407",993,2129,930,290,6
"20200408",990,2117,914,284,6
"20200409",975,2095,898,284,6
"20200410",970,2066,885,276,6
"20200411",960,2033,862,274,6
"20200412",960,2036,863,273,6
"20200413",960,2040,861,271,6
"20200414",952,2027,851,264,6
"20200415",949,2009,835,251,6
"20200416",942,2002,832,248,6
"20200417",936,1992,826,246,7
"20200418",931,1975,811,240,7
"20200419",933,1976,812,241,7
"20200420",934,1976,814,240,7
"20200421",933,1962,806,239,7
"20200422",926,1951,802,238,7
"20200423",907,1924,784,234,4
"20200424",904,1917,780,233,4
"20200425",902,1916,768,232,3
"20200426",903,1920,772,233,3
"20200427",906,1923,781,234,3
"20200428",905,1913,774,233,3
"20200429",900,1899,770,235,3
"20200430",897,1903,775,236,3
"20200501",909,1904,782,237,3
"20200502",913,1897,781,231,3
"20200503",918,1910,788,233,3
"20200504",921,1916,792,233,3
"20200505",925,1911,790,231,3
"20200506",929,1911,791,232,3
"20200507",931,1924,797,233,3
"20200508",924,1928,795,233,3
"20200509",922,1924,791,234,3
"20200510",922,1930,793,236,3
"20200511",924,1937,797,237,3
"20200512",919,1935,797,238,3
"20200513",917,1926,789,239,3
"20200514",923,1932,790,240,3
"20200515",926,1940,792,240,2
"20200516",931,1936,795,241,2
"20200517",934,1949,802,242,2
"20200518",934,1956,806,243,2
"20200519",930,1949,806,238,2
"20200520",925,1946,805,241,2
"20200521",928,1942,811,245,2
"20200522",929,1946,814,245,2
"20200523",929,1951,816,243,2
"20200524",933,1957,823,246,2
"20200525",935,1961,829,245,2
"20200526",939,1968,833,246,2
"20200527",939,1958,835,243,2
"20200528",936,1968,839,242,2
"20200529",934,1964,839,239,2
"20200530",932,1964,838,241,2
"20200531",939,1971,846,244,2
"20200601",944,1977,852,248,2
"20200602",938,1967,847,249,2
"20200603",932,1962,841,249,2
"20200604",932,1961,833,247,2
"20200605",927,1964,833,248,2
"20200606",925,1956,827,248,2
"20200607",928,1963,829,251,2
"20200608",927,1975,833,251,2
"20200609",924,1985,831,245,2
"20200610",915,1978,825,242,2
"20200611",915,1972,819,243,2
"20200612",913,1968,820,243,2
"20200613",912,1961,829,236,2
"20200614",917,1972,829,237,2
"20200615",918,1982,829,237,2
"20200616",913,1975,831,232,2
"20200617",906,1975,834,231,2
"20200618",898,1976,835,232,2
"20200619",897,1966,834,233,2
"20200620",899,1975,834,233,2
"20200621",902,1982,838,232,2
"20200622",900,1984,842,231,2
"20200623",894,1973,838,233,2
"20200624",899,1974,839,231,2
"20200625",892,1973,841,232,2
"20200626",889,1979,840,235,2
"20200627",886,1975,839,237,2
"20200628",888,1977,842,238,2
"20200629",886,1980,846,237,2
"20200630",884,1975,838,240,2
"20200701",889,1971,836,237,2
"20200702",890,1970,839,236,2
"20200703",883,1965,837,236,2
"20200704",888,1970,839,241,2
"20200705",888,1977,846,242,2
"20200706",883,1988,849,242,2
"20200707",883,1982,852,242,2
"20200708",876,1979,849,237,1
"20200709",871,1977,850,237,1
"20200710",875,1981,847,237,1
"20200711",877,1968,853,237,1
"20200712",877,1978,859,239,1
"20200713",881,1984,865,240,1
"20200714",876,1966,855,239,1
"20200715",877,1964,855,239,1
"20200716",874,1960,852,239,1
"20200717",874,1957,852,241,1
"20200718",879,1955,853,239,1
"20200719",883,1966,856,240,1
"20200720",884,1967,859,240,1
"20200721",876,1959,857,238,1
"20200722",876,1964,864,240,1
"20200723",876,1965,862,243,1
"20200724",876,1965,870,243,1
"20200725",876,1963,864,244,1
"20200726",883,1965,870,244,0
"20200727",878,1970,870,245,0
"20200728",874,1967,869,246,0
"20200729",879,1967,863,250,0
"20200730",893,1968,859,250,0
"20200731",892,1964,868,255,0
"20200801",886,1963,870,254,0
"20200802",887,1974,872,254,0
"20200803",891,1986,877,254,0
"20200804",888,1985,871,258,0
"20200805",886,1989,870,258,0
"20200806",886,1988,871,254,0
"20200807",889,1990,882,253,0
"20200808",902,1993,876,254,0
"20200809",904,1996,884,254,0
"20200810",909,2003,888,254,0
"20200811",905,1992,882,261,0
"20200812",898,1996,878,263,0
"20200813",898,1998,878,262,0
"20200814",901,1999,889,265,0
"20200815",907,2010,889,262,0
"20200816",908,2014,894,263,0
"20200817",920,2019,898,266,0
"20200818",911,2017,903,264,0
"20200819",919,2026,900,269,0
"20200820",919,2019,899,268,0
"20200821",915,2025,897,272,0
"20200822",916,2025,892,274,0
"20200823",927,2033,896,275,0
"20200824",922,2046,902,276,0
"20200825",911,2031,909,277,0
"20200826",916,2027,915,278,0
"20200827",921,2021,916,276,0
"20200828",921,2021,919,277,0
"20200829",922,2026,919,276,0
"20200830",924,2037,919,279,0
"20200831",929,2049,924,281,0
"20200903",928,2034,922,276,0
"20200904",928,2029,920,277,0
"20200905",931,2035,916,277,0
"20200906",938,2056,922,279,0
"20200907",956,2069,931,277,0
"20200908",969,2076,942,276,0
"20200909",980,2075,951,282,0
"20200910",980,2070,944,284,0
"20200911",969,2074,949,290,0
"20200912",977,2085,937,289,0
"20200913",975,2092,938,289,0
"20200914",971,2093,942,289,0
"20200915",970,2090,935,284,0
"20200916",968,2085,937,288,0
"20200917",964,2096,935,285,0
"20200918",965,2096,938,290,0
"20200919",971,2096,941,289,0
"20200920",971,2120,946,291,0
"20200921",972,2122,948,292,0
"20200922",964,2104,944,293,0
"20200923",970,2104,943,293,0
"20200924",976,2114,949,292,0
"20200925",984,2115,954,293,0
"20200926",984,2111,951,290,0
"20200927",995,2125,955,291,0
"20200928",995,2137,959,291,0
"20200929",985,2129,960,295,0
"20200930",984,2136,959,294,0
"20201001",982,2128,955,297,0
"20201002",980,2136,963,300,0
"20201003",985,2148,959,295,0
"20201004",993,2160,967,296,0
"20201005",995,2167,968,297,0
"20201006",995,2155,967,294,0
"20201007",995,2151,967,297,0
"20201008",992,2141,976,295,0
"20201009",986,2156,987,301,0
"20201010",998,2165,990,301,0
"20201011",997,2182,995,303,0
"20201012",1013,2190,1001,308,0
"20201013",1010,2186,1004,308,0
"20201014",1006,2187,1007,308,0
"20201015",1009,2186,1003,304,0
"20201016",1007,2185,1007,307,0
"20201017",1008,2178,1013,305,0
"20201019",1016,2190,1039,307,0
"20201020",1015,2196,1043,307,0
"20201021",1023,2202,1034,305,0
"20201022",1013,2211,1041,305,0
"20201023",1018,2227,1039,303,0
"20201024",1021,2241,1041,303,0
"20201025",1026,2255,1049,304,0
"20201026",1029,2262,1051,304,0
"20201027",1030,2254,1047,303,0
"20201028",1030,2264,1038,303,0
"20201029",1030,2250,1033,304,0
"20201030",1036,2259,1041,306,0
"20201031",1032,2263,1042,306,0
"20201101",1039,2272,1045,311,0
"20201102",1042,2268,1051,310,0
"20201103",1038,2262,1052,311,0
"20201104",1052,2268,1058,310,0
"20201105",1051,2258,1054,305,0
"20201106",1050,2256,1051,307,0
"20201107",1047,2258,1044,310,0
"20201108",1052,2274,1053,310,0
"20201109",1055,2284,1054,311,0
"20201110",1056,2273,1058,312,0
"20201111",1052,2272,1049,311,0
"20201112",1059,2282,1054,318,0
"20201113",1069,2279,1057,317,0
"20201114",1075,2271,1065,317,0
"20201115",1078,2284,1073,317,0
"20201116",1086,2285,1067,319,0
"20201117",1075,2280,1055,315,0
"20201118",1064,2277,1057,316,0
"20201119",1067,2283,1059,319,0
"20201120",1067,2299,1068,319,0
"20201121",1073,2312,1068,320,0
"20201122",1080,2327,1073,323,0
"20201123",1079,2333,1071,327,0
"20201124",1071,2327,1057,329,0
"20201125",1069,2320,1059,324,0
"20201126",1061,2328,1059,324,0
"20201127",1070,2339,1065,327,0
"20201128",1065,2333,1061,327,0
"20201129",1069,2344,1063,329,0
"20201130",1073,2349,1066,327,0
"20201201",1065,2346,1062,325,0
"20201202",1069,2347,1064,325,0
"20201203",1074,2343,1059,326,0
"20201204",1075,2344,1065,325,0
"20201205",1072,2349,1070,327,0
"20201206",1076,2369,1077,327,0
"20201207",1075,2376,1086,328,0
"20201208",1078,2375,1089,328,0
"20201209",1069,2380,1087,329,0
"20201210",1068,2383,1073,329,0
"20201211",1081,2385,1070,330,0
"20201212",1081,2391,1070,330,0
"20201213",1082,2405,1076,333,0
"20201214",1080,2419,1082,337,0
"20201215",1082,2423,1076,334,0
"20201216",1084,2422,1077,337,0
"20201217",1078,2417,1073,336,0
"20201218",1073,2424,1070,335,0
"20201219",1065,2410,1076,330,0
"20201220",1069,2422,1081,333,0
"20201221",1074,2420,1083,335,0
"20201222",1065,2419,1079,337,0
"20201223",1065,2414,1081,334,0
"20201224",1064,2421,1078,331,0
"20201225",1061,2422,1076,331,0
"20201226",1061,2430,1081,333,0
"20201227",1059,2439,1084,333,0
"20201228",1063,2449,1084,336,0
"20201229",1071,2454,1088,340,0
"20201230",1068,2457,1090,340,0
"20201231",1073,2459,1097,341,0
"20210101",1072,2464,1089,340,0
"20210102",1085,2480,1095,342,0
"20210103",1087,2489,1098,340,0
"20210104",1095,2493,1104,344,0
"20210105",1098,2494,1104,348,0
"20210106",1096,2488,1107,350,0
"20210111",1114,2562,1114,353,0
"20210112",1116,2558,1116,354,0
"20210113",1119,2545,1118,354,0
"20210114",1119,2565,1120,354,0
"20210115",1118,2567,1118,353,0
"20210116",1114,2558,1117,354,0
"20210117",1113,2571,1124,356,0
"20210118",1119,2588,1132,358,0
"20210119",1119,2593,1138,360,0
"20210120",1118,2582,1141,356,0
"20210121",1120,2580,1148,361,0
"20210122",1119,2589,1148,365,0
"20210123",1120,2594,1148,367,0
"20210124",1132,2601,1159,370,0
"20210125",1128,2612,1165,372,0
"20210126",1125,2613,1169,369,0
"20210127",1125,2613,1171,366,0
"20210128",1124,2618,1173,371,0
"20210129",1126,2633,1178,376,0
"20210130",1119,2631,1177,378,0
"20210131",1122,2637,1188,379,0
"20210201",1126,2643,1191,380,0
"20210202",1129,2640,1187,380,0
"20210203",1133,2636,1189,377,0
"20210209",1150,2661,1207,368,0
"20210210",1141,2653,1205,367,0
"20210211",1138,2663,1212,369,0
"20210212",1133,2661,1201,367,0
"20210213",1153,2675,1203,366,0
"20210214",1160,2689,1215,366,0
"20210215",1163,2707,1219,370,0
"20210216",1159,2707,1223,370,0
"20210217",1154,2707,1217,371,0
"20210218",1152,2709,1214,374,0
"20210219",1162,2719,1217,376,0
"20210220",1160,2710,1215,375,0
"20210221",1165,2727,1219,378,0
"20210222",1180,2741,1220,376,0
"20210223",1177,2740,1212,375,0
"20210224",1170,2736,1210,372,0
"20210225",1172,2752,1221,373,0
"20210226",1174,2758,1212,375,0
"20210227",1171,2772,1207,376,0
"20210228",1180,2785,1212,377,0
"20210301",1185,2794,1215,377,0
"20210302",1183,2793,1220,375,0
"20210303",1181,2780,1215,376,0
"20210304",1181,2769,1218,372,0
"20210305",1188,2779,1220,376,0
"20210306",1187,2785,1224,375,0
"20210307",1188,2798,1233,377,0
"20210308",1198,2808,1238,381,0
"20210309",1191,2800,1238,381,0
"20210310",1188,2800,1239,381,0
"20210311",1185,2808,1247,382,0
"20210312",1190,2810,1245,387,0
"20210313",1195,2814,1242,386,0
"20210314",1205,2817,1252,388,0
"20210315",1207,2834,1260,388,0
"20210316",1209,2829,1258,386,0
"20210317",1213,2829,1249,387,0
"20210318",1208,2822,1247,392,0
"20210319",1213,2822,1252,394,0
"20210320",1214,2816,1248,392,0
"20210321",1216,2837,1255,395,0
"20210322",1221,2851,1259,400,0
"20210323",1214,2861,1258,400,0
"20210324",1213,2858,1264,406,0
"20210325",1219,2863,1265,413,0
"20210326",1215,2867,1269,416,0
"20210327",1212,2862,1276,413,0
"20210328",1209,2873,1279,414,0
"20210329",1209,2893,1282,415,0
"20210330",1202,2874,1278,412,0
"20210331",1199,2865,1271,408,0
"20210401",1195,2854,1264,412,0
"20210402",1198,2855,1270,412,0
"20210403",1198,2847,1269,417,0
"20210404",1202,2866,1277,420,0
"20210405",1203,2868,1277,419,0
"20210406",1191,2849,1275,420,0
"20210407",1182,2841,1271,417,0
"20210408",1184,2832,1273,413,0
"20210409",1191,2840,1267,411,0
"20210410",1189,2840,1261,413,0
"20210411",1187,2842,1272,415,0
"20210412",1188,2855,1280,413,0
"20210413",1176,2839,1279,414,0
"20210414",1170,2838,1283,415,0
"20210415",1174,2832,1272,416,0
"20210419",1174,2846,1297,414,0
"20210420",1166,2826,1287,413,0
"20210421",1167,2832,1287,416,0
"20210422",1164,2825,1280,409,0
"20210423",1162,2827,1278,411,0
"20210424",1155,2829,1276,414,0
"20210425",1160,2841,1279,416,0
"20210426",1159,2849,1285,416,0
"20210504",1154,2824,1269,419,0
"20210505",1149,2816,1271,416,0
"20210506",1147,2802,1260,408,0
"20210507",1160,2807,1263,409,0
"20210508",1157,2806,1266,410,0
"20210509",1162,2821,1273,410,0
"20210510",1167,2845,1281,409,0
"20210511",1156,2823,1278,400,0
"20210512",1156,2818,1275,403,0
"20210513",1151,2806,1277,401,0
"20210514",1146,2801,1289,404,0
"20210515",1148,2791,1289,402,0
"20210516",1157,2802,1297,403,0
"20210517",1161,2818,1301,405,0
"20210518",1156,2798,1296,407,0
"20210519",1149,2793,1287,406,0
"20210520",1142,2786,1290,406,0
"20210521",1147,2799,1288,406,0
"20210522",1151,2792,1292,406,0
"20210523",1156,2809,1298,410,0
"20210524",1168,2826,1305,414,0
"20210525",1166,2823,1306,418,0
"20210526",1160,2813,1288,418,0
"20210527",1158,2808,1284,424,0
"20210528",1161,2827,1279,421,0
"20210529",1165,2821,1280,420,0
"20210530",1171,2833,1287,421,0
"20210531",1169,2847,1296,423,0
"20210601",1172,2854,1299,424,0
"20210602",1174,2839,1289,417,0
"20210603",1173,2816,1284,416,0
"20210604",1178,2818,1285,419,0
"20210605",1184,2829,1286,418,0
"20210606",1188,2848,1292,423,0
"20210607",1189,2863,1298,423,0
"20210610",1194,2844,1285,419,0
"20210614",1197,2864,1303,421,0
"20210615",1196,2859,1301,423,0
"20210616",1201,2851,1301,421,0
"20210617",1195,2841,1292,422,0
"20210618",1204,2849,1297,419,0
"20210619",1212,2861,1302,421,0
"20210620",1230,2873,1312,424,0
"20210621",1240,2883,1318,428,0
"20210622",1235,2871,1315,427,0
"20210623",1234,2871,1318,429,0
"20210624",1236,2862,1309,421,0
"20210625",1229,2863,1310,425,0
"20210626",1229,2863,1313,418,0
"20210628",1238,2893,1326,429,0
"20210629",1228,2874,1319,424,0
"20210630",1230,2868,1315,422,0
"20210701",1221,2841,1305,421,0
"20210702",1226,2856,1316,421,0
"20210703",1219,2858,1313,417,0
"20210704",1221,2875,1318,421,0
"20210705",1226,2901,1324,423,0
"20210706",1229,2895,1326,423,0
"20210707",1230,2895,1318,422,0
"20210708",1213,2884,1315,420,0
"20210709",1216,2885,1316,423,0
"20210710",1221,2888,1319,423,0
"20210711",1225,2895,1326,425,0
"20210712",1232,2908,1329,428,0
"20210713",1223,2885,1318,422,0
"20210714",1219,2881,1312,418,0
"20210715",1221,2871,1312,416,0
"20210716",1222,2872,1315,415,0
"20210717",1224,2882,1312,417,0
"20210718",1229,2905,1322,422,0
"20210719",1240,2921,1331,424,0
"20210720",1247,2914,1336,421,0
"20210721",1236,2913,1327,426,0
"20210722",1222,2915,1313,426,0
"20210723",1222,2928,1310,429,0
"20210724",1216,2916,1311,433,0
"20210725",1227,2934,1317,437,0
"20210726",1229,2939,1313,435,0
"20210727",1216,2933,1307,435,0
"20210728",1218,2945,1308,433,0
"20210729",1221,2936,1308,432,0
"20210730",1214,2924,1292,431,0
"20210731",1216,2928,1298,433,1
"20210801",1219,2946,1304,436,1
"20210802",1219,2949,1298,435,0
"20210803",1214,2932,1295,434,0
"20210804",1216,2935,1297,439,0
"20210805",1223,2932,1296,441,0
"20210806",1217,2938,1291,439,0
"20210807",1223,2931,1302,440,0
"20210812",1232,2950,1307,440,0
"20210813",1228,2954,1308,442,0
"20210814",1232,2959,1312,441,0
"20210815",1240,2977,1312,443,0
"20210816",1248,2978,1313,444,0
"20210817",1241,2976,1307,447,0
"20210818",1246,2974,1306,449,0
"20210819",1252,2969,1304,446,0
"20210820",1256,2972,1300,449,0
"20210821",1257,2975,1297,449,0
"20210822",1265,2989,1305,453,0
"20210823",1273,2991,1302,453,0
"20210824",1269,2972,1289,452,0
"20210825",1264,2972,1287,454,0
"20210826",1264,2984,1281,456,0
"20210827",1274,2988,1286,458,0
"20210828",1274,3000,1293,460,0
"20210829",1283,3007,1300,462,0
"20210830",1286,3006,1296,458,0
"20210901",1278,3002,1292,452,0
"20210902",1280,2988,1282,452,0
"20210903",1282,2976,1288,452,0
"20210904",1286,2976,1286,452,0
"20210905",1289,2989,1290,454,0
"20210906",1300,2993,1299,454,0
"20210907",1293,2998,1303,453,0
"20210908",1278,2991,1300,449,0
"20210909",1287,2992,1302,452,0
"20210910",1289,2992,1302,459,0
"20210911",1281,2984,1298,461,0
"20210912",1290,2998,1304,465,0
"20210913",1293,3009,1301,466,0
"20210914",1294,3016,1297,467,0
"20210915",1296,3011,1305,465,0
"20210916",1296,3007,1308,460,0
"20210917",1294,3011,1311,459,0
"20210918",1289,2964,1288,444,0
"20210919",1290,2947,1263,438,0
"20210920",1278,2937,1257,438,0
"20210921",1269,2900,1240,433,0
"20210922",1264,2893,1237,440,0
"20210923",1257,2873,1222,435,0
"20210924",1242,2853,1210,424,0
"20210927",1249,2857,1191,418,0
"20210928",1236,2843,1184,408,0
"20210929",1229,2834,1189,410,0
"20210930",1216,2816,1179,410,0
"20211005",1222,2778,1161,409,0
"20211007",1220,2763,1161,401,0
"20211008",1229,2765,1173,402,0
"20211013",1226,2777,1176,413,1
"20211015",1232,2945,1303,446,0
"20211018",1227,2789,1179,411,0
"20211019",1212,2775,1174,408,0
"20211020",1206,2765,1174,408,0
"20211021",1210,2754,1173,403,0
"20211023",1202,2745,1172,401,0
"20211029",1206,2720,1165,397,0
"20211102",1213,2720,1168,395,0
"20211103",1210,2690,1169,395,0
"20211105",1214,2667,1168,391,0
"20211116",1216,2661,1175,392,0
"20211117",1211,2655,1178,391,0
"20211119",1224,2646,1178,390,0
"20211122",1232,2658,1176,390,0
"20211123",1231,2617,1162,383,0
"20211124",1228,2624,1157,385,0
"20211129",1217,2624,1161,387,0
"20211201",1211,2611,1151,385,0
"20211202",1213,2605,1147,378,0
"20211203",1217,2622,1160,376,0
"20211206",1230,2643,1177,379,0
"20211207",1230,2639,1170,376,0
"20211208",1230,2649,1172,378,0
"20211209",1229,2626,1171,375,0
"20211210",1217,2624,1171,380,0
"20211213",1236,2640,1181,383,0
"20211214",1230,2627,1183,379,0
"20211215",1226,2620,1181,379,0
"20211216",1234,2613,1177,372,0
"20211217",1239,2600,1171,369,0
"20211220",1245,2627,1183,373,0
"20211221",1245,2618,1181,366,0
"20211222",1239,2611,1181,366,0
"20211223",1238,2595,1180,359,0
"20211227",1237,2600,1180,362,0
"20211228",1231,2582,1175,359,0
"20211229",1227,2583,1174,358,0
"20211230",1230,2583,1168,361,0
"20220103",1251,2603,1177,366,0
"20220105",1252,2603,1175,368,0
"20220106",1249,2609,1182,369,0
"20220107",1253,2621,1188,365,0
"20220110",1254,2636,1193,368,0
"20220111",1252,2625,1181,371,0
"20220112",1259,2632,1175,366,0
"20220113",1264,2625,1186,368,0
"20220114",1276,2623,1178,371,0
"20220118",1277,2668,1191,378,0
"20220119",1282,2669,1196,375,0
"20220120",1277,2675,1194,371,0
"20220121",1278,2686,1193,372,0
"20220124",1291,2718,1207,378,0
"20220125",1275,2705,1195,372,0
"20220126",1275,2714,1197,380,0
"20220127",1277,2716,1190,377,0
"20220128",1275,2717,1185,374,0
"20220131",1273,2734,1192,375,0
"20220201",1265,2723,1187,372,0
"20220202",1263,2721,1177,371,0
"20220203",1258,2731,1174,372,0
"20220204",1262,2732,1171,373,0
"20220207",1268,2768,1194,373,0
"20220208",1256,2758,1196,370,0
"20220209",1259,2762,1194,368,0
"20220210",1267,2747,1199,364,0
"20220211",1278,2742,1197,359,0
"20220214",1294,2779,1220,366,0
"20220215",1287,2771,1215,367,0
"20220216",1281,2759,1221,366,0
"20220217",1291,2744,1220,368,0
"20220218",1290,2748,1232,368,0
"20220222",1305,2792,1241,370,0
"20220223",1310,2784,1243,370,0
"20220224",1311,2763,1234,371,0
"20220225",1320,2751,1240,373,0
"20220301",1322,2743,1237,382,0
"20220307",1336,2734,1238,382,0
"20220308",1327,2733,1237,383,0
"20220309",1321,2733,1246,383,0
"20220310",1299,2734,1233,383,0
"20220311",1300,2731,1229,381,0
"20220314",1312,2756,1227,387,0
"20220315",1304,2729,1224,385,0
"20220316",1299,2727,1213,388,0
"20220317",1290,2726,1211,386,0
"20220318",1289,2718,1214,382,0
"20220321",1285,2721,1220,384,0
"20220323",1281,2711,1212,381,0
"20220328",1270,2702,1204,376,0
"20220329",1270,2671,1190,374,0
"20220330",1276,2674,1183,374,0
"20220331",1275,2672,1181,372,0
"20220401",1284,2664,1175,374,0
"20220404",1292,2691,1179,375,0
"20220405",1288,2684,1171,371,0
"20220406",1295,2683,1168,373,0
"20220407",1291,2670,1164,367,0
"20220408",1286,2665,1172,369,0
"20220412",1284,2693,1179,365,0
"20220413",1283,2689,1173,358,0
"20220414",1282,2678,1162,354,0
"20220415",1278,2674,1158,355,0
"20220419",1283,2682,1157,355,0
"20220420",1278,2679,1153,354,0
"20220421",1279,2661,1156,351,0
"20220422",1272,2660,1162,351,0
"20220425",1278,2669,1167,360,0
"20220426",1271,2658,1164,361,0
"20220427",1269,2655,1167,362,0
"20220428",1261,2653,1155,356,0
"20220429",1258,2642,1154,351,0
"20220502",1270,2652,1177,351,0
"20220503",1271,2651,1174,352,0
"20220504",1272,2650,1169,350,0
"20220505",1272,2652,1172,350,0
"20220506",1262,2653,1169,347,0
"20220509",1273,2684,1168,354,0
"20220510",1263,2679,1164,350,0
"20220511",1259,2684,1155,346,0
"20220512",1257,2701,1152,348,0
"20220513",1261,2699,1153,349,0
"20220516",1273,2733,1170,352,0
"20220517",1272,2715,1168,351,0
"20220518",1279,2712,1170,352,0
"20220519",1277,2712,1161,350,0
"20220520",1277,2690,1149,342,0
"20220523",1285,2724,1154,343,0
"20220524",1279,2722,1150,339,0
"20220525",1286,2707,1152,339,0
"20220526",1282,2698,1153,334,0
"20220531",1287,2723,1172,332,0
"20220601",1286,2715,1172,332,0
"20220602",1291,2704,1158,332,0
"20220606",1306,2729,1170,338,0
"20220607",1300,2716,1167,334,0
"20220608",1305,2726,1166,337,0
"20220613",1316,2763,1187,336,0
"20220615",1315,2743,1182,336,0
"20220616",1309,2731,1193,342,0
"20220623",1317,2746,1212,345,0
"20220627",1332,2752,1208,352,0
"20220628",1334,2761,1202,351,0
"20220629",1326,2746,1192,350,0
"20220630",1314,2739,1192,343,0
"20220705",1312,2767,1220,339,0
"20220707",1303,2757,1217,345,0
"20220708",1301,2764,1221,344,0
"20220711",1319,2782,1220,345,0
"20220712",1315,2782,1220,348,0
"20220713",1319,2772,1219,346,0
"20220714",1318,2771,1219,340,0
"20220715",1304,2761,1210,348,0
"20220718",1321,2789,1228,352,0
"20220719",1317,2774,1221,350,0
"20220721",1317,2769,1232,349,0
"20220722",1312,2762,1228,349,0
"20220725",1323,2776,1231,350,0
"20220726",1326,2777,1234,352,0
"20220727",1319,2772,1233,357,0
"20220728",1325,2759,1236,362,0
"20220801",1329,2777,1234,365,0
"20220802",1317,2756,1224,365,0
"20220804",1314,2752,1227,366,0
"20220806",1313,2763,1227,368,0
"20220808",1317,2775,1244,372,0
"20220809",1306,2778,1243,370,0
"20220810",1307,2776,1252,367,0
"20220815",1308,2773,1256,370,0
"20220816",1304,2758,1258,366,1
"20220817",1306,2753,1264,365,0
"20220818",1316,2758,1257,366,0
"20220819",1317,2739,1258,362,0
"20220822",1322,2758,1259,363,0
"20220823",1320,2749,1249,362,0
"20220824",1314,2749,1244,366,0
"20220826",1321,2743,1258,361,0
"20220830",1320,2754,1268,370,0
"20220831",1324,2754,1270,371,0
"20220901",1325,2741,1271,373,0
"20220902",1324,2738,1270,371,0
"20220906",1348,2784,1297,378,0
"20220907",1346,2796,1294,375,0
"20220908",1344,2791,1293,382,0
"20220909",1343,2797,1300,383,0
"20220912",1346,2829,1322,399,0
"20220913",1344,2825,1318,395,0
"20220914",1339,2816,1316,393,0
"20220915",1339,2820,1311,391,0
"20220919",1358,2832,1307,398,0
"20220920",1357,2826,1305,397,0
"20220921",1347,2806,1297,401,0
"20220922",1337,2793,1287,399,0
"20220923",1344,2794,1277,395,0
"20220926",1357,2809,1297,398,0
"20220927",1346,2799,1297,397,0
"20220928",1345,2788,1304,393,0
"20220929",1342,2799,1310,392,0
"20220930",1346,2796,1308,399,0
"20221002",1352,2798,1300,397,0
"20221007",1333,2802,1307,399,0
"20221011",1343,2856,1317,403,0
"20221012",1338,2846,1313,398,0
"20221014",1327,2808,1302,403,0
"20221017",1333,2840,1328,404,0
"20221018",1329,2828,1328,405,0
"20221019",1323,2827,1332,399,0
"20221020",1324,2813,1332,392,0
"20221021",1322,2819,1326,393,0
"20221024",1325,2854,1322,399,0
"20221025",1321,2853,1305,399,0
"20221026",1322,2849,1307,400,0
"20221027",1321,2840,1307,405,0
"20221028",1330,2848,1313,411,0
"20221031",1343,2891,1333,414,0
"20221101",1336,2861,1329,410,0
"20221102",1335,2851,1328,407,0
"20221103",1341,2829,1327,404,0
"20221104",1330,2819,1325,401,0
"20221107",1333,2848,1339,407,0
"20221109",1328,2840,1333,407,0
"20221110",1325,2831,1323,407,0
"20221114",1348,2863,1341,411,0
"20221115",1328,2841,1335,409,0
"20221116",1352,2826,1333,412,0
"20221117",1342,2820,1324,413,0
"20221118",1346,2818,1329,415,0
"20221121",1340,2850,1332,414,0
"20221122",1325,2832,1324,408,0
"20221123",1319,2814,1319,412,0
"20221125",1327,2820,1312,415,0
"20221128",1322,2837,1314,419,0
"20221129",1313,2831,1312,420,0
"20221130",1318,2847,1307,420,0
"20221206",1322,2893,1304,425,0
"20221207",1308,2871,1304,422,0
"20221208",1297,2849,1303,416,0
"20221209",1305,2848,1306,410,0
"20221212",1318,2864,1326,409,0
"20221213",1314,2854,1316,401,0
"20221214",1318,2858,1311,406,0
"20221215",1333,2843,1308,397,0
"20221216",1331,2841,1307,390,0
"20221219",1323,2839,1308,388,0
"20221220",1315,2820,1294,384,0
"20221221",1305,2806,1292,381,0
"20221222",1301,2783,1289,378,0
"20221223",1303,2765,1283,377,0
"20221227",1300,2767,1286,377,0
"20221228",1300,2756,1280,382,0
"20221229",1291,2757,1278,382,0
"20230103",1300,2803,1277,387,0
"20230104",1305,2803,1278,391,0
"20230105",1300,2807,1288,393,0
"20230106",1317,2818,1302,395,0
"20230109",1329,2850,1322,403,0
"20230112",1335,2857,1300,400,0
"20230113",1335,2851,1302,399,0
"20230118",1353,2892,1341,401,0
"20230119",1335,2866,1332,394,0
"20230120",1342,2855,1348,393,0
"20230125",1344,2874,1351,385,0
"20230126",1351,2869,1358,385,0
"20230127",1350,2869,1357,388,0
"20230130",1348,2896,1376,399,0
"20230131",1341,2886,1371,399,0
"20230201",1331,2872,1368,397,0
"20230202",1330,2880,1361,394,0
"20230203",1324,2860,1358,394,0
"20230206",1324,2893,1373,395,0
"20230207",1317,2858,1369,391,0
"20230208",1307,2853,1367,393,0
"20230210",1317,2861,1370,397,0
"20230213",1312,2835,1345,396,0
"20230215",1296,2839,1349,399,0
"20230216",1295,2831,1351,402,1
"20230217",1297,2855,1347,404,0
"20230221",1303,2895,1367,410,0
"20230223",1280,2889,1363,409,0
"20230225",1275,2876,1360,411,0
"20230227",1278,2883,1368,416,0
"20230228",1280,2868,1355,414,0
"20230301",1277,2872,1350,414,0
"20230302",1284,2860,1350,417,0
"20230304",1282,2866,1350,417,0
"20230306",1282,2891,1356,423,0
"20230307",1268,2880,1356,425,0
"20230308",1276,2881,1353,429,0
"20230309",1281,2867,1341,428,0
"20230310",1278,2861,1344,427,0
"20230313",1278,2890,1350,433,0
"20230314",1272,2891,1337,432,0
"20230315",1273,2882,1334,434,0
"20230316",1285,2881,1321,433,0
"20230320",1288,2886,1340,433,0
"20230321",1273,2864,1342,437,0
"20230322",1273,2851,1338,434,0
"20230323",1275,2850,1336,437,0
"20230325",1265,2842,1345,438,0
"20230327",1260,2868,1352,443,0
"20230328",1259,2851,1341,435,0
"20230329",1255,2837,1350,436,0
"20230330",1255,2848,1361,432,0
"20230331",1265,2851,1355,431,0
"20230403",1284,2869,1364,433,0
"20230404",1272,2848,1361,430,0
"20230405",1268,2849,1364,430,0
"20230406",1260,2850,1363,432,0
"20230410",1288,2873,1354,428,0
"20230411",1278,2843,1355,429,0
"20230412",1276,2837,1354,428,0
"20230413",1272,2826,1364,428,0
"20230414",1277,2831,1361,428,0
"20230417",1288,2855,1377,436,0
"20230418",1286,2856,1375,440,0
"20230419",1286,2858,1373,431,0
"20230420",1294,2864,1374,439,0
"20230421",1300,2870,1381,443,0
"20230422",1306,2866,1386,437,0
"20230423",1316,2873,1397,439,0
"20230424",1313,2887,1395,440,0
"20230425",1305,2884,1377,442,0
"20230426",1308,2869,1375,440,0
"20230427",1304,2878,1375,440,0
"20230428",1304,2883,1370,438,0
"20230429",1303,2858,1365,437,0
"20230430",1315,2880,1376,438,0
"20230501",1313,2885,1380,445,0
"20230502",1298,2883,1373,442,0
"20230503",1293,2870,1384,445,0
"20230504",1291,2862,1392,443,0
"20230505",1299,2876,1394,445,0
"20230506",1299,2879,1388,447,0
"20230509",1309,2882,1397,458,0
"20230510",1300,2865,1394,454,0
"20230511",1305,2866,1393,450,0
"20230512",1299,2871,1385,447,0
"20230513",1292,2869,1390,447,0
"20230514",1298,2884,1394,451,0
"20230515",1301,2890,1395,454,0
"20230516",1293,2880,1386,452,0
"20230517",1307,2883,1391,449,0
"20230518",1303,2889,1390,451,0
"20230519",1305,2895,1395,449,0
"20230520",1298,2885,1390,447,0
"20230521",1301,2907,1400,447,0
"20230522",1303,2908,1401,447,0
"20230523",1291,2900,1389,450,0
"20230524",1285,2895,1390,450,0
"20230525",1298,2883,1385,451,0
"20230526",1307,2883,1380,451,0
"20230527",1301,2863,1369,447,0
"20230528",1303,2870,1380,449,0
"20230529",1307,2881,1390,450,0
"20230530",1309,2891,1399,450,0
"20230531",1306,2865,1393,452,0
"20230601",1301,2861,1392,450,0
"20230602",1306,2866,1388,451,0
"20230603",1296,2849,1380,452,0
"20230604",1304,2870,1386,453,0
"20230605",1313,2883,1396,454,0
"20230606",1309,2874,1400,452,0
"20230607",1310,2872,1400,456,0
"20230608",1299,2873,1394,452,0
"20230609",1307,2866,1390,453,0
"20230610",1299,2859,1385,462,0
"20230611",1306,2884,1402,467,0
"20230612",1310,2901,1404,470,0
"20230613",1309,2884,1393,463,0
"20230614",1307,2887,1382,465,0
"20230615",1306,2900,1390,461,0
"20230616",1302,2898,1393,455,0
"20230617",1295,2879,1389,454,0
"20230618",1300,2897,1403,458,0
"20230619",1304,2914,1409,460,0
"20230620",1310,2912,1410,463,0
"20230621",1308,2916,1403,463,0
"20230622",1299,2910,1393,465,0
"20230623",1300,2903,1392,466,0
"20230624",1294,2890,1385,462,0
"20230625",1308,2919,1395,465,0
"20230626",1312,2932,1392,471,0
"20230627",1301,2922,1384,474,0
"20230628",1298,2919,1384,469,0
"20230629",1301,2927,1395,470,0
"20230630",1302,2938,1393,468,0
"20230701",1307,2921,1385,467,0
"20230702",1310,2937,1390,472,0
"20230703",1316,2941,1393,469,0
"20230704",1312,2942,1397,468,0
"20230705",1316,2953,1400,469,0
"20230706",1319,2946,1397,471,0
"20230707",1329,2955,1394,467,0
"20230708",1328,2936,1396,465,0
"20230709",1341,2954,1406,468,0
"20230710",1343,2970,1408,475,0
"20230711",1334,2955,1404,472,0
"20230712",1335,2950,1402,466,0
"20230714",1332,2946,1409,467,0
"20230715",1324,2941,1406,466,1
"20230716",1326,2963,1414,473,0
"20230717",1332,2976,1419,480,0
"20230718",1332,2955,1422,481,0
"20230719",1328,2943,1416,479,0
"20230720",1329,2935,1399,483,0
"20230721",1338,2937,1403,489,0
"20230722",1334,2951,1395,484,0
"20230723",1350,2969,1409,489,0
"20230724",1354,2976,1414,495,0
"20230725",1341,2955,1412,495,0
"20230726",1336,2952,1404,495,0
"20230727",1335,2954,1403,487,0
"20230728",1328,2946,1395,478,0
"20230729",1330,2945,1389,472,0
"20230730",1337,2958,1407,471,0
"20230731",1343,2974,1410,476,0
"20230801",1331,2981,1396,474,0
"20230802",1318,2974,1395,467,0
"20230803",1314,2961,1398,471,0
"20230804",1323,2964,1409,467,0
"20230805",1324,2956,1411,466,0
"20230806",1332,2971,1417,466,0
"20230807",1332,2986,1421,468,0
"20230808",1332,2980,1417,470,0
"20230809",1334,2973,1407,471,0
"20230810",1333,2980,1409,473,0
"20230811",1330,2961,1399,469,0
"20230812",1327,2954,1393,465,0
"20230813",1332,2969,1400,470,0
"20230814",1331,2975,1409,471,0
"20230815",1333,2957,1406,475,0
"20230816",1341,2955,1401,472,0
"20230817",1345,2972,1395,470,0
"20230818",1352,2983,1416,473,0
"20230819",1353,2983,1420,472,0
"20230820",1360,2993,1425,475,0
"20230821",1362,3000,1429,479,0
"20230825",1361,2960,1421,466,0
"20230826",1367,2948,1426,464,0
"20230827",1371,2960,1434,469,0
"20230828",1367,2955,1439,468,0
"20230829",1357,2942,1433,468,0
"20230830",1349,2924,1434,470,0
"20230831",1345,2915,1430,476,0
"20230901",1337,2903,1428,468,0
"20230902",1335,2899,1430,466,0
"20230903",1342,2915,1435,473,0
"20230904",1346,2929,1437,478,0
"20230905",1350,2937,1436,479,0
"20230906",1348,2923,1430,473,0
"20230907",1358,2922,1425,471,0
"20230908",1362,2911,1415,470,0
"20230910",1368,2937,1419,465,0
"20230911",1371,2952,1424,467,0
"20230912",1367,2941,1414,465,0
"20230913",1365,2942,1418,464,0
"20230914",1361,2943,1415,467,0
"20230915",1360,2952,1420,469,0
"20230916",1366,2957,1413,460,0
"20230917",1372,2976,1426,470,0
"20230918",1375,2979,1431,474,0
"20230919",1362,2968,1413,471,0
"20230920",1358,2969,1406,471,0
"20230921",1356,2954,1404,469,0
"20230922",1347,2953,1388,465,0
"20230923",1356,2966,1389,461,0
"20230924",1362,2989,1392,469,0
"20230925",1364,2990,1396,472,0
"20230926",1357,2973,1389,467,0
"20230927",1357,2974,1381,470,0
"20230928",1348,2974,1372,468,0
"20230929",1349,2979,1373,468,0
"20230930",1349,2964,1362,466,0
"20231001",1358,2975,1370,468,0
"20231002",1364,2974,1371,468,0
"20231003",1358,2957,1368,469,0
"20231004",1354,2962,1371,474,0
"20231005",1356,2955,1379,475,0
"20231006",1352,2949,1380,475,0
"20231007",1349,2940,1381,476,0
"20231008",1358,2953,1390,479,0
"20231009",1359,2962,1405,481,0
"20231010",1365,2972,1409,483,0
"20231011",1364,2964,1402,491,0
"20231012",1357,2961,1408,482,0
"20231013",1348,2965,1410,484,0
"20231014",1343,2942,1409,486,0
"20231015",1348,2950,1424,491,0
"20231016",1346,2960,1425,490,0
"20231017",1337,2929,1418,485,0
"20231018",1337,2925,1418,485,0
"20231019",1336,2909,1432,483,0
"20231020",1333,2904,1427,476,0
"20231023",1340,2933,1435,479,0
"20231024",1338,2925,1424,479,0
"20231025",1327,2917,1428,477,0
"20231026",1320,2914,1427,473,0
"20231027",1318,2923,1422,475,0
"20231028",1325,2922,1414,474,0
"20231029",1329,2941,1427,478,0
"20231030",1330,2947,1434,480,0
"20231031",1327,2926,1435,479,0
"20231101",1330,2926,1427,477,0
"20231102",1329,2942,1423,474,0
"20231103",1337,2916,1413,475,0
"20231104",1338,2933,1412,476,0
"20231105",1345,2951,1421,477,0
"20231106",1350,2963,1422,477,0
"20231107",1333,2930,1415,472,0
"20231108",1331,2944,1418,474,0
"20231109",1341,2930,1416,478,0
"20231110",1328,2910,1406,473,0
"20231111",1336,2925,1421,473,0
"20231112",1342,2943,1432,477,1
"20231113",1340,2956,1439,475,0
"20231114",1332,2934,1438,475,0
"20231115",1336,2916,1437,474,0
"20231116",1333,2904,1435,476,0
"20231117",1333,2883,1430,478,0
"20231118",1335,2889,1417,478,0
"20231119",1347,2910,1424,483,0
"20231120",1345,2925,1428,484,0
"20231121",1340,2906,1419,484,0
"20231122",1338,2895,1414,482,0
"20231123",1329,2885,1410,477,0
"20231124",1328,2899,1417,477,0
"20231125",1324,2895,1414,476,0
"20231126",1320,2909,1421,479,0
"20231127",1320,2918,1422,481,0
"20231128",1308,2917,1406,482,0
"20231129",1309,2918,1405,482,0
"20231130",1312,2924,1413,479,0
"20231201",1318,2931,1414,482,0
"20231202",1311,2929,1423,478,0
"20231203",1314,2941,1429,480,0
"20231204",1318,2947,1443,484,0
"20231205",1317,2929,1428,477,0
"20231206",1312,2927,1418,482,0
"20231207",1313,2924,1417,482,0
"20231208",1307,2925,1425,485,0
"20231209",1300,2916,1412,475,0
"20231211",1311,2947,1420,477,0
"20231212",1301,2933,1408,480,0
"20231213",1300,2926,1410,472,0
"20231215",1301,2924,1407,470,0
"20231216",1295,2903,1398,471,0
"20231217",1301,2918,1407,475,0
"20231218",1295,2931,1406,477,0
"20231219",1289,2905,1407,481,0
"20231220",1284,2898,1398,481,0
"20231221",1274,2892,1403,478,0
"20231223",1258,2849,1373,470,0
"20231224",1262,2853,1375,472,0
"20231225",1266,2873,1381,473,0
"20231226",1266,2859,1380,473,0
"20231227",1258,2856,1376,474,0
"20231228",1260,2851,1371,471,0
"20231229",1256,2846,1385,474,0
"20231230",1254,2855,1386,472,0
"20231231",1257,2866,1392,475,0
"20240101",1261,2882,1395,478,0
"20240102",1262,2886,1391,481,0
"20240103",1259,2873,1392,479,0
"20240104",1259,2869,1379,481,0
"20240105",1261,2874,1371,483,0
"20240106",1258,2880,1365,479,0
"20240107",1265,2901,1375,483,2
"20240108",1263,2910,1389,486,2
"20240109",1271,2909,1382,490,1
"20240110",1268,2915,1391,493,0
"20240111",1277,2912,1395,489,0
"20240112",1285,2924,1391,486,0
"20240113",1289,2945,1390,487,0
"20240114",1298,2955,1401,494,0
"20240115",1304,2965,1415,494,0
"20240116",1303,2970,1422,498,0
"20240117",1305,2971,1421,499,0
"20240118",1301,2946,1430,493,0
"20240119",1299,2942,1422,492,0
"20240120",1302,2943,1400,489,0
"20240121",1312,2969,1406,493,0
"20240122",1302,2986,1415,497,0
"20240123",1286,2970,1413,495,0
"20240124",1280,2970,1414,496,0
"20240125",1272,2977,1416,497,0
"20240126",1265,2974,1422,491,0
"20240127",1260,2982,1422,492,0
"20240128",1266,2994,1431,493,0
"20240129",1278,3003,1430,493,0
"20240130",1276,2984,1421,495,0
"20240131",1280,2993,1420,491,0
"20240201",1272,2991,1415,489,0
"20240202",1276,2978,1409,483,0
"20240203",1280,2967,1415,483,0
"20240205",1285,2995,1429,488,0
"20240206",1284,2981,1430,487,0
"20240207",1280,2986,1437,486,0
"20240208",1284,2993,1432,485,0
"20240209",1286,2988,1436,487,0
"20240210",1279,2975,1436,482,0
"20240211",1289,2991,1440,486,0
"20240212",1291,2995,1444,491,0
"20240213",1297,3010,1456,495,0
"20240214",1288,3004,1455,492,0
"20240215",1280,2985,1455,491,0
"20240216",1273,2983,1452,485,0
"20240217",1281,2964,1432,479,0
"20240218",1292,2982,1438,484,0
"20240219",1295,2998,1444,489,0
"20240220",1296,3012,1448,494,0
"20240222",1295,2999,1446,494,0
"20240223",1295,2995,1447,497,0
"20240224",1287,3001,1449,493,0
"20240225",1287,3018,1462,495,0
"20240226",1287,3023,1465,495,0
"20240227",1282,3005,1458,492,0
"20240228",1284,3012,1461,492,0
"20240229",1285,3029,1470,489,0
"20240301",1273,3016,1463,485,0
"20240302",1276,3015,1459,491,0
"20240303",1283,3031,1473,493,0
"20240304",1285,3030,1474,492,0
"20240305",1276,3017,1474,490,0
"20240306",1277,3008,1464,490,0
"20240307",1281,3004,1466,485,0
"20240308",1280,3000,1468,483,0
"20240311",1295,3032,1484,486,0
"20240312",1291,3013,1481,484,0
"20240313",1285,3005,1470,479,0
"20240314",1284,3013,1473,477,0
"20240315",1289,3019,1473,483,0
"20240316",1287,3024,1477,485,0
"20240317",1292,3051,1497,488,0
"20240318",1286,3052,1506,487,0
"20240319",1281,3038,1500,492,0
"20240320",1289,3013,1497,494,0
"20240321",1291,3013,1502,497,0
"20240322",1291,3002,1492,500,0
"20240323",1296,2999,1503,502,0
"20240324",1301,3015,1510,505,0
"20240325",1300,3028,1508,507,0
"20240326",1289,3007,1507,503,0
"20240328",1291,3008,1507,502,0
"20240329",1285,3011,1493,500,0
"20240330",1279,3016,1499,504,0
"20240331",1267,3019,1499,497,0
"20240401",1278,3051,1499,503,0
"20240402",1273,3053,1497,503,0
"20240403",1266,3033,1491,500,0
